{"OpenedDocuments":"[\"SendEmail.xaml\",\"Main.xaml\"]","ProjectBreakpoints":"{\"Value\":{\"Main.xaml\":[{\"ConditionalExpression\":null,\"ActionExpression\":null,\"ExpectedHitCounter\":null,\"ShouldContinueAfterAction\":false,\"IsEnabled\":false,\"ActivityIdRef\":\"GetValue_18\",\"ActivityId\":\"1.132\",\"ActivityName\":\"Get Text 'TD'\"},{\"ConditionalExpression\":null,\"ActionExpression\":null,\"ExpectedHitCounter\":null,\"ShouldContinueAfterAction\":false,\"IsEnabled\":false,\"ActivityIdRef\":\"GetValue_19\",\"ActivityId\":\"1.126\",\"ActivityName\":\"Get Text 'P'\"},{\"ConditionalExpression\":null,\"ActionExpression\":null,\"ExpectedHitCounter\":null,\"ShouldContinueAfterAction\":false,\"IsEnabled\":false,\"ActivityIdRef\":\"OpenBrowser_1\",\"ActivityId\":\"1.12\",\"ActivityName\":\"Open Browser\"}]}}","ProjectWatches":"{\"Value\":[]}","LibraryProjectSettings":"{\"IncludeSourcesByDefault\":true,\"UseCompilerV2\":false,\"CompileExpressions\":true,\"DefaultActivitiesRootCategories\":[null]}"}